content_id,title,content_type,release_year,platform
1,Animal trip respond,Anime,1993,Disney+
2,Rule focus throw,Game,2000,Prime
3,Glass economy,Movie,1997,Wattpad
4,Around right,Novel,2023,Webtoon
5,Though both week,TV Show,2020,Netflix
6,Community medical east,Manga,1999,Wattpad
7,End,Movie,2009,Steam
8,Song stand summer,Game,2010,Netflix
9,Positive against full,Anime,2012,Netflix
10,Work professor tonight action,Manga,2021,Disney+
11,Feeling personal all,Novel,2024,Webtoon
12,Democrat check let,Anime,2000,Steam
13,Society brother easy,Anime,2012,Webtoon
14,Who recognize task,Movie,2013,Prime
15,Player card,Movie,2007,Disney+
16,Away only night store,Novel,2017,Webtoon
17,Tend until few,Anime,2006,Disney+
18,Student,TV Show,2015,Webtoon
19,When quite,TV Show,,Wattpad
20,Industry story,Anime,1993,Webtoon
21,Receive strong,Novel,1996,Netflix
22,Property case,TV Show,2020,Steam
23,In production,Manga,2022,Prime
24,Course edge whom American,Manga,2020,Netflix
25,Turn surface record,Novel,1991,Webtoon
26,Already theory kid,Novel,2007,Prime
27,College control,Movie,2000,Wattpad
28,Service report,Movie,1990,Netflix
29,Mother none,Movie,,Disney+
30,Almost necessary,TV Show,1994,Prime
31,Adult who,Novel,2019,Netflix
32,Address practice very foreign,Manga,2006,Prime
33,Response although bag,Anime,2019,Steam
34,Cold worry,Anime,2010,Steam
35,Star middle,TV Show,2002,Disney+
36,Good front trade,Novel,2019,Disney+
37,Include,Movie,2009,Disney+
38,To hard,Novel,2000,Wattpad
39,Continue child,Manga,1996,Prime
40,Attorney question against language,TV Show,2007,Steam
41,College religious,Movie,2002,Prime
42,Theory success,Game,2009,Prime
43,Buy weight support,Movie,2000,Disney+
44,Hotel,Manga,2019,Webtoon
45,Half his,Movie,1998,Wattpad
46,Speak agreement TV,Manga,2005,Disney+
47,Officer need across,TV Show,2002,Wattpad
48,Live development,TV Show,2011,Wattpad
49,Home star,Manga,1998,Steam
50,Attention look,Novel,2009,Prime
51,Human national,Anime,2008,Netflix
52,Include mother none,TV Show,2009,Wattpad
53,Operation her,Movie,1990,Webtoon
54,Local unit,Manga,2001,Disney+
55,Debate individual very,Movie,2000,Steam
56,Oil feeling,Game,2001,Wattpad
57,Explain Mrs,Movie,2019,Wattpad
58,Since many,Game,2004,Disney+
59,Future would,TV Show,2024,Netflix
60,Often your carry,Manga,1994,Disney+
61,Guess another,Movie,2021,Steam
62,Watch heavy sometimes trade,Anime,2005,Netflix
63,Security set improve,Game,1995,Netflix
64,Speak discuss,Novel,2012,Webtoon
65,Act both,Manga,2021,Disney+
66,Worker federal international,Novel,2005,Prime
67,One drop five join,Manga,2003,Steam
68,Travel figure,Novel,2005,Prime
69,Four set dark base,Game,2012,Wattpad
70,Call doctor may,Movie,1991,Steam
71,Enter item,Movie,2021,Disney+
72,Rock arm student,Game,2007,Netflix
73,Behavior onto future,Novel,2024,Wattpad
74,Prove into protect,Game,2015,Prime
75,Daughter build,Movie,1996,Steam
76,Suddenly wide,Game,2008,Steam
77,One small,Novel,1990,Disney+
78,East not return,Game,2000,Prime
79,Natural service understand mention,Manga,2000,Prime
80,Machine paper research better,Movie,2008,Disney+
81,Read,TV Show,2021,Prime
82,Never fire sign,Movie,2008,Netflix
83,Family administration,Anime,1990,Disney+
84,May,Anime,2023,Steam
85,Society entire,Anime,2020,Webtoon
86,Student that trial,Novel,2006,Disney+
87,Consider economy,Movie,1996,Webtoon
88,Heart by need sister,TV Show,2015,Wattpad
89,Part,Game,2023,Prime
90,Summer,Anime,1992,Steam
91,Huge issue,Anime,2000,Wattpad
92,Like,TV Show,2017,Wattpad
93,Democrat,Game,2018,Disney+
94,Mean image hot people,Movie,2003,Prime
95,Sort stuff,TV Show,1990,Disney+
96,Show movie thus,TV Show,2011,Prime
97,Along industry join,Manga,1991,Prime
98,Issue expert,Manga,2024,Webtoon
99,International,Movie,2003,Disney+
100,Hundred design,Manga,2011,Webtoon
101,Recent rest,Anime,2002,Prime
102,Field professional somebody,Manga,,Prime
103,System trial kitchen,TV Show,2005,Wattpad
104,Business Mrs,Manga,,Prime
105,Rate admit,Game,2004,Netflix
106,Customer prevent lose,TV Show,1994,Steam
107,Check thousand find,Game,1999,Prime
108,Simply foreign down,Novel,2010,Prime
109,Help at number,Movie,2005,Steam
110,Company force rate,TV Show,2005,Steam
111,Easy hotel find record,Novel,2000,Netflix
112,Record view plant sort,Novel,2005,Disney+
113,Home possible reduce,Anime,2013,Wattpad
114,Nothing growth lot,Movie,1997,Wattpad
115,Stage by,Anime,2018,Prime
116,Of else,Movie,1997,Prime
117,Believe sit,Movie,2020,Disney+
118,Probably education,Movie,2024,Steam
119,Media movie,Anime,1999,Steam
120,Give must,Manga,1996,Netflix
121,Than civil religious,Manga,1998,Webtoon
122,Wear southern hard,Movie,1999,Wattpad
123,Draw,Novel,1997,Wattpad
124,North main,Movie,1996,Disney+
125,Among similar,Anime,1999,Steam
126,Record ever scene,Game,2023,Steam
127,Expect,Movie,2012,Prime
128,Expect idea strong,Game,2017,Wattpad
129,Dream prove middle,TV Show,2020,Disney+
130,Show apply question,Manga,2009,Prime
131,Society way,Game,1992,Netflix
132,Itself message security trouble,Movie,2000,Steam
133,Much former,Movie,2013,Wattpad
134,Reality scene child,Game,1990,Disney+
135,Safe stay,Game,,Webtoon
136,Suffer that staff,Manga,1994,Disney+
137,Clearly red,Anime,1996,Wattpad
138,Around while response smile,Game,1990,Netflix
139,Hotel number,Game,,Netflix
140,Impact share price carry,TV Show,2021,Disney+
141,Trouble,Manga,2013,Netflix
142,Worry decide,Game,2021,Steam
143,Me,TV Show,2004,Wattpad
144,Deep,Novel,2002,Netflix
145,Risk probably rather,Novel,2015,Disney+
146,Owner,Novel,2016,Netflix
147,Them tree,Anime,2015,Webtoon
148,Role care,Movie,2005,Prime
149,Age son notice,Movie,2023,Netflix
150,Employee white,TV Show,1994,Netflix
151,Political mission,TV Show,2014,Steam
152,Structure bad away,TV Show,2023,Steam
153,Movement too perform,TV Show,,Wattpad
154,Check data,Game,2012,Steam
155,What professional,TV Show,2011,Disney+
156,Might matter fast,Anime,2023,Prime
157,Growth,Movie,2000,Steam
158,Training while travel,TV Show,1992,Webtoon
159,Interview goal,Movie,1993,Prime
160,Tax marriage,Manga,2009,Steam
161,Else with couple,TV Show,2022,Steam
162,Process player,Movie,2019,Netflix
163,Seem,Anime,2007,Wattpad
164,Protect sea,Novel,1992,Steam
165,Turn get because,Manga,1991,Netflix
166,Bar threat,Manga,2017,Prime
167,Body,Manga,2015,Netflix
168,Employee audience call,Movie,2016,Prime
169,Stand offer,Novel,2018,Netflix
170,Alone feeling fund,Game,2023,Wattpad
171,My how read,Game,1994,Prime
172,Interview newspaper,Novel,2015,Netflix
173,Per job,Manga,2022,Netflix
174,Reflect the,Novel,2006,Webtoon
175,Why account join former,Anime,1998,Netflix
176,That beyond,Novel,,Wattpad
177,Coach their western,Movie,1999,Steam
178,Idea authority argue,Novel,2010,Disney+
179,Present quite identify resource,Anime,1995,Netflix
180,Option join decision,Game,2007,Prime
181,Appear,TV Show,2015,Wattpad
182,Enough world,Game,2010,Wattpad
183,Consider business hot,Anime,2011,Prime
184,Road season,Movie,1992,Wattpad
185,Wish save finally feeling,Manga,2012,Netflix
186,Majority world painting able,TV Show,2003,Prime
187,What by join,TV Show,2017,Webtoon
188,You always yard,Novel,1993,Steam
189,Lawyer foreign worry,Manga,2002,Disney+
190,Simple medical,Manga,1999,Webtoon
191,Meet actually more,Game,2002,Webtoon
192,According current report tonight,Anime,,Wattpad
193,Five plan will,Manga,1997,Steam
194,Toward green,Manga,2008,Netflix
195,Already field adult,TV Show,1994,Disney+
196,Job Republican,Game,1998,Steam
197,Couple,Anime,2021,Wattpad
198,Congress,Movie,1995,Disney+
199,Sign your unit,Manga,2007,Prime
200,Under,TV Show,2023,Steam
201,A crime throughout happy,Movie,1998,Wattpad
202,Now daughter,Movie,2001,Netflix
203,Risk off never,Movie,2015,Wattpad
204,Most agency worry,Game,2012,Prime
205,Deep push,Novel,1992,Prime
206,Federal girl major,Game,1997,Steam
207,Technology level wind,Manga,2014,Webtoon
208,National southern,Anime,2021,Disney+
209,Series others,Manga,2024,Webtoon
210,Fund determine,Novel,1998,Webtoon
211,Law source suddenly,Movie,2020,Netflix
212,Among store,Game,1995,Prime
213,Four size,Game,2011,Wattpad
214,Personal weight rather,Game,1991,Steam
215,Character two maybe,Novel,2016,Prime
216,Risk drug management,Novel,2009,Netflix
217,Decision woman wide specific,Movie,,Prime
218,Today live even,TV Show,,Wattpad
219,Beyond choice vote,Game,2008,Disney+
220,Sometimes audience image mouth,TV Show,2000,Netflix
221,That wait store,Novel,2010,Steam
222,Cell might care,Anime,1995,Netflix
223,Property responsibility course,Game,1999,Netflix
224,Technology true,TV Show,2024,Steam
225,Animal old,Anime,2008,Prime
226,Economic final trade,TV Show,2015,Wattpad
227,Young staff might gas,Movie,1992,Prime
228,Power surface,Manga,2017,Prime
229,Season game,Novel,2020,Disney+
230,Agree at,Game,2010,Steam
231,Firm,Novel,2007,Webtoon
232,With east huge,Movie,2016,Netflix
233,Analysis find part,Manga,2005,Prime
234,Floor most,TV Show,1990,Netflix
235,Program clearly clearly,Anime,2024,Disney+
236,Book career,TV Show,1995,Disney+
237,Appear picture those stand,Novel,2006,Prime
238,Number material,Game,2014,Netflix
239,Fire education would,Anime,1991,Netflix
240,About nation line,Movie,1996,Wattpad
241,For per short,Game,,Netflix
242,Law four mission,Novel,2008,Webtoon
243,Song give reality she,Movie,1998,Webtoon
244,Buy,Anime,2010,Disney+
245,Successful his,Movie,2020,Webtoon
246,Generation important worry,Anime,2020,Steam
247,Through bill,Novel,1991,Netflix
248,Forward challenge,Manga,2000,Webtoon
249,Girl move go base,Movie,2004,Webtoon
250,Name role,Movie,2011,Disney+
251,Fire college,Game,2008,Steam
252,Whatever final,Movie,2003,Netflix
253,Remain PM of sort,Anime,2009,Steam
254,Once report,Manga,2000,Webtoon
255,Its off center,Anime,2021,Prime
256,Report key,Anime,2003,Netflix
257,Concern conference in,Anime,,Wattpad
258,Increase guy,Manga,2017,Wattpad
259,Allow top speech,Game,2011,Netflix
260,Book alone people,Game,2024,Steam
261,Student build,TV Show,2000,Wattpad
262,Fall turn,Anime,2015,Wattpad
263,Tell indicate culture,TV Show,2016,Disney+
264,Modern order them,Novel,2005,Steam
265,Factor,Movie,2003,Disney+
266,Than water sure,Game,2012,Steam
267,Scientist group,Manga,1990,Steam
268,Data card order,Novel,,Steam
269,Energy could develop,Movie,,Disney+
270,Us peace,Manga,2007,Wattpad
271,Forget south,TV Show,2024,Netflix
272,Fall address,TV Show,2002,Wattpad
273,Magazine class difference,Movie,2014,Disney+
274,Form power,Manga,1994,Netflix
275,Ever later only,Game,2010,Netflix
276,Compare player condition,TV Show,2004,Prime
277,By too government,Movie,2014,Webtoon
278,Rise,Novel,2007,Disney+
279,Represent design,Game,1996,Webtoon
280,Administration structure,Manga,2005,Wattpad
281,Federal send majority,Novel,1991,Wattpad
282,Member past,Novel,2013,Wattpad
283,View fear add,Anime,,Wattpad
284,Everything third eat,Anime,2007,Steam
285,Give institution person,Anime,1990,Disney+
286,Recent what,Novel,2004,Webtoon
287,Its yard,Game,,Disney+
288,Work reflect truth,Novel,2002,Prime
289,Worry point experience,Anime,2022,Disney+
290,Right soldier month,TV Show,2018,Webtoon
291,Issue forward,Manga,2003,Disney+
292,Treatment consumer understand,Movie,2008,Steam
293,As walk,Manga,2006,Prime
294,Memory know move,Anime,2003,Webtoon
295,Why point,Anime,,Disney+
296,Table set state,Novel,1990,Netflix
297,Left continue,Anime,2012,Disney+
298,Carry free than management,Anime,2017,Steam
299,Personal agency,Anime,2009,Steam
300,Force live scene stand,TV Show,,Netflix
301,Interview animal,Game,2016,Wattpad
302,Around instead,Manga,2011,Prime
303,Color senior evidence,Anime,2021,Disney+
304,Pay adult them,Anime,2000,Prime
305,Shoulder young work,Game,1996,Prime
306,Believe night,Novel,1996,Disney+
307,Our argue page,Movie,2015,Webtoon
308,Who sit task,TV Show,2005,Wattpad
309,Man face where,Movie,2018,Prime
310,Visit cut,Anime,1991,Wattpad
311,Accept,TV Show,1996,Disney+
312,Person,Anime,1997,Wattpad
313,Marriage key,Game,2008,Disney+
314,Many yet million range,Novel,2018,Prime
315,Company product,Anime,1995,Disney+
316,Must soldier discuss,Manga,2010,Steam
317,Relationship manage,Game,2014,Webtoon
318,Part,TV Show,2012,Wattpad
319,Benefit water,Anime,,Wattpad
320,Field speak,Manga,2003,Wattpad
321,Close myself,Manga,2003,Wattpad
322,For plant,Novel,,Disney+
323,Establish recently,TV Show,2022,Disney+
324,Summer gas,Anime,2000,Prime
325,Task common newspaper,Anime,1998,Prime
326,Water parent,Movie,1998,Disney+
327,Media information chance,TV Show,2002,Prime
328,Player letter,Anime,2016,Steam
329,Hard everyone,Movie,,Disney+
330,Onto film call,Game,2024,Disney+
331,Season one oil behavior,Movie,2006,Disney+
332,Miss particularly,Novel,2021,Netflix
333,Nearly fear particular,Anime,2020,Webtoon
334,Range bring,Movie,2011,Webtoon
335,Box even,Movie,1997,Prime
336,Need actually,Novel,1990,Netflix
337,Follow against,Manga,2002,Prime
338,Despite a picture,Novel,,Wattpad
339,Imagine single loss,Manga,,Steam
340,Boy social do write,Game,1990,Webtoon
341,Something walk she,Anime,,Prime
342,Forward,Game,2006,Disney+
343,Close eight,Anime,1991,Netflix
344,Someone join believe,Anime,2004,Netflix
345,Knowledge,Game,2013,Wattpad
346,Hospital skin,TV Show,2013,Disney+
347,End worry,Anime,2007,Webtoon
348,Significant true,TV Show,1996,Steam
349,Happen will free,Novel,1998,Prime
350,Decide cold,Anime,,Prime
351,Though different,Novel,2016,Wattpad
352,Event late what,Game,2017,Webtoon
353,Machine serious,TV Show,2013,Prime
354,Around ago goal visit,Novel,2002,Disney+
355,Evening wall,Anime,1991,Prime
356,Group exist,Manga,2001,Webtoon
357,Section,Movie,2005,Disney+
358,Worker must simply,Game,2019,Steam
359,Down,TV Show,2023,Wattpad
360,Inside million,TV Show,2021,Steam
361,Sell station himself,Game,2008,Steam
362,Close peace street expect,Movie,2004,Wattpad
363,Writer board,Novel,1991,Disney+
364,Him recently,Manga,2012,Disney+
365,Identify,Novel,1998,Wattpad
366,Discuss involve,TV Show,1990,Wattpad
367,Writer through,Novel,2017,Webtoon
368,Cause employee area,TV Show,2021,Prime
369,By page,Manga,2010,Webtoon
370,Former language,Novel,2010,Webtoon
371,Wish able compare,TV Show,2006,Disney+
372,Spend arrive child,Novel,2016,Disney+
373,Artist single,Game,,Netflix
374,Moment front,Novel,2015,Netflix
375,Quite nearly,Novel,2012,Webtoon
376,Along light,TV Show,2017,Prime
377,Threat suddenly car,Game,2023,Prime
378,Cultural right,TV Show,2017,Wattpad
379,Much,Anime,2009,Prime
380,Capital add religious,Manga,1997,Prime
381,Anyone send,Movie,2012,Prime
382,Around paper,Novel,2017,Wattpad
383,Food marriage,Manga,2005,Disney+
384,Sister,Movie,2016,Disney+
385,Nation yes keep,Novel,2010,Wattpad
386,Dinner full,Game,2014,Disney+
387,Home already know,Anime,1992,Disney+
388,Toward how very,TV Show,2011,Steam
389,Structure close he,Novel,2016,Netflix
390,Herself audience,Movie,2018,Netflix
391,Law fact,Novel,2002,Disney+
392,Woman old,Anime,2002,Wattpad
393,Fund performance yeah,TV Show,1994,Webtoon
394,Foreign up play the,Novel,,Wattpad
395,Thought vote,Manga,2022,Netflix
396,Physical,Movie,2018,Wattpad
397,Democrat hand charge,Movie,2020,Wattpad
398,Face appear,Novel,2016,Wattpad
399,Page agree,Game,2006,Wattpad
400,Hair test,Anime,2000,Disney+
401,Yeah answer civil,Anime,2010,Steam
402,Method she sister,Manga,2005,Steam
403,Remain,TV Show,1992,Wattpad
404,Strong personal,Anime,1992,Steam
405,Traditional manage police,Game,2005,Prime
406,Suddenly detail large,TV Show,2011,Wattpad
407,Can,Manga,1999,Webtoon
408,Do own response,Novel,2007,Steam
409,Detail discover word,Manga,2009,Disney+
410,White suffer hold,Movie,2015,Disney+
411,Wish support,TV Show,1991,Disney+
412,Spring against us,TV Show,2021,Steam
413,Especially start,Game,2011,Wattpad
414,Can total,Anime,2000,Netflix
415,Strong couple same,TV Show,2001,Prime
416,And our,Game,1999,Webtoon
417,Wait pick,Game,2003,Wattpad
418,Speech tough,Manga,2009,Wattpad
419,Man kid hard,Manga,2017,Steam
420,Six point,Novel,2008,Wattpad
421,Behind tree,Game,2023,Webtoon
422,Ability difficult open upon,TV Show,2015,Disney+
423,Benefit bit,Movie,1997,Steam
424,Miss little,Game,2003,Wattpad
425,Type form,Manga,2018,Steam
426,Image Mr parent,Manga,2002,Netflix
427,Turn provide,TV Show,1990,Prime
428,Responsibility,Movie,2008,Netflix
429,Key should,Manga,2012,Webtoon
430,Growth charge,Movie,,Netflix
431,Career drive main,TV Show,2021,Netflix
432,School number,Novel,1997,Prime
433,Truth treatment,Movie,2002,Disney+
434,Wall recently knowledge,TV Show,2005,Steam
435,Response partner return never,Manga,2013,Prime
436,Else create road,Novel,2009,Webtoon
437,Green both station,Game,,Prime
438,Who purpose,Movie,2019,Disney+
439,Particular ever respond,Movie,,Steam
440,Herself religious just decide,Anime,2016,Disney+
441,Peace,TV Show,2023,Webtoon
442,Professional society,TV Show,2010,Steam
443,Dark eat under,TV Show,2020,Netflix
444,Enjoy affect,Anime,1992,Prime
445,Door share response,Novel,2012,Wattpad
446,Maintain myself poor,Novel,2000,Disney+
447,Rise ready else,Anime,2019,Webtoon
448,Necessary with,TV Show,2010,Disney+
449,Court television effect,TV Show,1992,Wattpad
450,Down write,Movie,2006,Steam
451,Traditional significant,Movie,2009,Webtoon
452,War read read,TV Show,2002,Prime
453,Particular five drop control,Game,2010,Netflix
454,Less office step,Manga,2004,Disney+
455,Newspaper activity door,Manga,1996,Steam
456,Form,TV Show,2016,Prime
457,Girl drive institution,Manga,2011,Netflix
458,Ever still under,TV Show,1994,Webtoon
459,Church where often,TV Show,2012,Steam
460,Hour sell actually,Game,1990,Wattpad
461,Where lead specific,TV Show,1992,Prime
462,Result resource,TV Show,2004,Disney+
463,Special,Manga,2021,Webtoon
464,Among happen,Novel,2003,Webtoon
465,Low,TV Show,2006,Netflix
466,Century product,Game,1998,Wattpad
467,Surface across organization,Novel,2008,Webtoon
468,Important big consider,TV Show,2010,Webtoon
469,Get religious,Novel,1990,Prime
470,Soldier book,Game,,Prime
471,Radio city,Manga,2024,Netflix
472,Plan,Anime,1997,Steam
473,Marriage within,Novel,2009,Steam
474,Use baby feel smile,Movie,2005,Prime
475,Even son,Manga,2017,Disney+
476,Attack board,Game,,Webtoon
477,Everyone ok,TV Show,1990,Prime
478,Away manage reduce,Anime,2021,Disney+
479,Act cause cold million,Novel,2007,Disney+
480,Away thousand Mr,Anime,1990,Netflix
481,First nature section,TV Show,2010,Webtoon
482,Opportunity put,Manga,1996,Prime
483,Sort suddenly increase,Game,2004,Webtoon
484,Time take,Novel,1990,Steam
485,Such,Anime,1998,Prime
486,Morning happy,Anime,2021,Webtoon
487,Wide man happy conference,Novel,2010,Prime
488,Clear fire,TV Show,2007,Webtoon
489,Civil sea,Movie,2024,Disney+
490,Better another measure,Anime,2008,Steam
491,Real particular a,Game,,Netflix
492,Table change another,TV Show,2017,Netflix
493,Development month,Game,2021,Disney+
494,After stand theory simple,Manga,2023,Netflix
495,Better reflect I,Anime,2015,Disney+
496,Newspaper word where,Novel,2002,Steam
497,Listen,TV Show,2009,Disney+
498,Stop argue,Manga,2023,Prime
499,Audience other,Manga,2024,Wattpad
500,Carry seat,Movie,2016,Prime
501,Short page issue,Anime,2020,Disney+
502,Wall contain foreign,Novel,2011,Prime
503,Have education office option,Anime,2017,Netflix
504,And nothing finally,TV Show,2007,Webtoon
505,Hear leader lot,Movie,2020,Webtoon
506,Enjoy western,Game,2016,Disney+
507,Truth relate we,Novel,2007,Wattpad
508,Campaign take,Game,,Netflix
509,Hot discuss,Novel,2017,Steam
510,Treatment make,Anime,1997,Steam
511,Miss which,Movie,1999,Webtoon
512,Possible design,Anime,2012,Webtoon
513,Debate even,Game,2018,Prime
514,Everybody opportunity,TV Show,1992,Prime
515,Sit know direction,Anime,2023,Disney+
516,Old kitchen,Game,2003,Prime
517,Serve push,TV Show,2007,Wattpad
518,President,Anime,2011,Disney+
519,Happen soon after,Game,2000,Netflix
520,Head activity month west,Game,2014,Netflix
521,News since,Novel,2018,Disney+
522,Career painting special,Anime,2007,Steam
523,Focus happy,Game,2017,Netflix
524,Sometimes,Movie,1997,Webtoon
525,Leave ten present place,Game,2009,Prime
526,Over environment major,TV Show,2018,Disney+
527,Report right,Movie,2010,Disney+
528,Herself analysis,Anime,2007,Disney+
529,Environment chair,TV Show,2024,Webtoon
530,Over law value,Manga,1996,Steam
531,Activity challenge century,Game,,Webtoon
532,Peace until school,Anime,2013,Wattpad
533,Analysis land,Movie,2014,Disney+
534,Article,Manga,1994,Netflix
535,Music off attorney,Novel,1991,Steam
536,Those just,Novel,,Netflix
537,Partner life against,Manga,2023,Disney+
538,Anything party throw,Game,1992,Steam
539,Fear scientist Republican,Anime,2000,Disney+
540,Conference walk staff,Novel,2019,Netflix
541,Modern standard,Movie,1991,Netflix
542,Speech new to similar,TV Show,2013,Netflix
543,Light manager artist,Manga,2017,Webtoon
544,International thought stand,Anime,2022,Webtoon
545,Themselves prove scene,TV Show,2006,Webtoon
546,Teach or good,Manga,2020,Wattpad
547,Require note science,Novel,2014,Steam
548,Try after window,Game,1999,Prime
549,More table present many,Novel,2000,Prime
550,Stuff garden government,Game,2000,Webtoon
551,Together ability,Anime,2012,Wattpad
552,His activity next,TV Show,2006,Webtoon
553,Small account spend,Movie,2003,Steam
554,Follow present,Game,2000,Wattpad
555,Center,Game,2020,Wattpad
556,Since lawyer,Game,1999,Wattpad
557,Year medical,Novel,2019,Wattpad
558,Budget,Movie,2007,Wattpad
559,Use person baby,Game,,Netflix
560,Least,Novel,2001,Netflix
561,Stage phone threat wish,Movie,2011,Webtoon
562,West dream like,Anime,1995,Prime
563,Physical upon,Game,1995,Netflix
564,Single shake,TV Show,2008,Netflix
565,Nation morning manage,Manga,2007,Netflix
566,Partner environmental hospital,Manga,2000,Webtoon
567,Down personal sort,Novel,,Webtoon
568,Rule hotel society,Novel,2007,Webtoon
569,Itself person himself,Game,2006,Prime
570,Increase about,TV Show,1994,Webtoon
571,Collection happen,TV Show,2021,Steam
572,Buy,Game,2023,Wattpad
573,System nothing when,TV Show,1992,Webtoon
574,Former could,Novel,2020,Prime
575,Here paper,Anime,2011,Webtoon
576,Pretty other wear,Movie,2015,Steam
577,Seem,TV Show,1994,Steam
578,Wife,TV Show,2017,Steam
579,Economy really this,Manga,2001,Steam
580,Piece together,Movie,1996,Wattpad
581,Treat pretty event,TV Show,2012,Disney+
582,History clear model beyond,Anime,2003,Webtoon
583,Drop,TV Show,1999,Prime
584,Most,Anime,2018,Webtoon
585,Watch small perhaps,Movie,2024,Disney+
586,Send gas,Anime,2010,Steam
587,System price,Novel,2013,Netflix
588,Such performance,Movie,2019,Netflix
589,Live,Game,2018,Netflix
590,That difficult lay series,Game,2008,Wattpad
591,Pattern theory,TV Show,1996,Prime
592,One not last,Novel,1998,Disney+
593,Story,Game,2024,Disney+
594,Tv prevent,Manga,1994,Wattpad
595,Along,Anime,2000,Prime
596,Sing red citizen,Game,2019,Steam
597,Century relationship article,Anime,2023,Webtoon
598,Writer budget mission,Manga,2006,Webtoon
599,Film another hear address,Movie,2001,Disney+
600,Price,Manga,1998,Netflix
601,Miss street source,Anime,2015,Disney+
602,Science night detail,Game,2013,Steam
603,Card,TV Show,2010,Steam
604,Call land Mr,Game,1991,Wattpad
605,Require,TV Show,1994,Wattpad
606,Whether,Movie,1990,Steam
607,Miss quickly design,Manga,1992,Wattpad
608,Talk live from,TV Show,2007,Disney+
609,Truth future simply,TV Show,,Disney+
610,Success former,Novel,2001,Webtoon
611,Product cost local,Anime,1995,Prime
612,Pm,Manga,1996,Webtoon
613,Remain analysis series yet,Anime,1995,Webtoon
614,Ball leader,TV Show,2001,Steam
615,Western eye sister,Game,2000,Webtoon
616,Miss imagine social,Novel,2015,Disney+
617,Be increase find,Game,2005,Disney+
618,Country region Republican side,Manga,2020,Webtoon
619,Ok eye,Anime,2005,Wattpad
620,Win theory,Game,2012,Webtoon
621,Guess,Novel,1997,Netflix
622,Later,TV Show,2022,Webtoon
623,Today even,Anime,,Wattpad
624,See car five,Anime,1995,Steam
625,Step move run,Manga,2017,Prime
626,Address security,Manga,2024,Prime
627,Serve whole,Novel,2023,Webtoon
628,White fire,TV Show,2007,Webtoon
629,Training run,Anime,2024,Webtoon
630,Article can,Movie,1995,Netflix
631,Question prevent executive,Manga,2007,Steam
632,At necessary interest,Manga,2024,Disney+
633,Song,Novel,2015,Webtoon
634,Measure,TV Show,2014,Wattpad
635,Sort term,Novel,1996,Disney+
636,Again eye,Movie,1997,Webtoon
637,Lose plant everybody sure,Novel,2011,Prime
638,Attention blue,Manga,2001,Prime
639,How number,Movie,2023,Webtoon
640,Woman increase once,Anime,2011,Netflix
641,Central finish,Game,2001,Webtoon
642,Popular later,Anime,2014,Steam
643,Huge price,Movie,2018,Prime
644,Knowledge personal,Anime,2009,Disney+
645,Yourself,Anime,2013,Prime
646,Accept focus condition,Anime,,Netflix
647,Want tax,Anime,2012,Steam
648,New body,Manga,,Webtoon
649,Theory,Novel,2013,Steam
650,Around south week,Game,2017,Webtoon
651,Story fast economic,Movie,1995,Webtoon
652,Rise finish,TV Show,1997,Steam
653,Put tough,Anime,,Netflix
654,Performance,Movie,2022,Webtoon
655,Send maybe course,Movie,2019,Prime
656,Wrong meeting mouth,Manga,2006,Disney+
657,Method pick identify,Game,2004,Steam
658,Dog project option,TV Show,1995,Steam
659,Bring during walk,Anime,1993,Prime
660,Without,Anime,2004,Disney+
661,Turn,Anime,2021,Steam
662,Class compare college,Manga,1999,Steam
663,Different program amount,Manga,1996,Disney+
664,International manage sea road,Anime,1996,Disney+
665,Yourself apply,TV Show,2022,Wattpad
666,Cut,Movie,2001,Netflix
667,Effort prevent,Movie,1990,Steam
668,Media realize,Novel,,Webtoon
669,Call economic test,Movie,1996,Webtoon
670,Decision enjoy,Anime,2009,Netflix
671,Drive live situation,Anime,2024,Webtoon
672,As state cover,Anime,2021,Webtoon
673,Above why half,Movie,2023,Prime
674,Great state amount,Manga,2013,Steam
675,Along national,Manga,2002,Netflix
676,If,Movie,,Steam
677,Avoid face,Game,2017,Prime
678,Ever Congress establish,Anime,1990,Webtoon
679,Far detail,Anime,2024,Webtoon
680,Cup seven,Anime,1991,Steam
681,Girl act argue,Novel,2005,Netflix
682,Yard thank,Manga,2009,Webtoon
683,Music draw attack,Novel,2002,Netflix
684,Only impact,TV Show,2011,Webtoon
685,Top outside market,Anime,1993,Disney+
686,Operation skill,Novel,2002,Prime
687,Good likely,Anime,1995,Netflix
688,East also,TV Show,1997,Wattpad
689,Open,TV Show,1997,Netflix
690,Fall system crime than,Movie,2012,Webtoon
691,Lose soldier,Manga,2003,Netflix
692,Work certainly church,Manga,2019,Disney+
693,Resource church,Movie,1994,Webtoon
694,Film language floor,Novel,2023,Steam
695,Air six spring,Movie,1990,Wattpad
696,However though another,Anime,2015,Steam
697,Feel attack,Movie,2020,Prime
698,Town move your,TV Show,2022,Wattpad
699,What long wall,Manga,2001,Netflix
700,Course help,Game,1995,Wattpad
701,Red daughter college finally,Anime,1997,Prime
702,Key trade you,Anime,1996,Webtoon
703,Ready role,Novel,2023,Wattpad
704,Manage along,Game,2007,Wattpad
705,Matter seem,Anime,2002,Prime
706,Car enter,TV Show,1998,Wattpad
707,There read,TV Show,2021,Wattpad
708,Positive significant,Novel,2003,Netflix
709,Worker child,Anime,2013,Disney+
710,Government strong successful century,Novel,,Steam
711,Experience several kid,TV Show,2007,Prime
712,Chair church,Anime,2012,Netflix
713,Story,Manga,1998,Netflix
714,Choose concern most,TV Show,2001,Netflix
715,Themselves understand,Manga,2022,Netflix
716,Hot mention poor,Anime,1990,Disney+
717,Marriage meet,TV Show,2014,Netflix
718,Never require,Manga,,Steam
719,Author garden reach,Movie,2013,Prime
720,Do everything bring Republican,Movie,1993,Disney+
721,Message condition city,Manga,2020,Netflix
722,From at while,Anime,2002,Netflix
723,Forget citizen,Anime,2003,Netflix
724,Ask morning high,Anime,2014,Netflix
725,Top blue,Game,2007,Netflix
726,Forget who,TV Show,2024,Webtoon
727,Position positive social,Manga,1998,Prime
728,Effort special serious,Movie,2021,Steam
729,That about true,Manga,2019,Wattpad
730,Tv fight six,Game,,Steam
731,Whatever other me,Movie,2010,Netflix
732,Each would expect,Novel,2016,Wattpad
733,Political describe can travel,Anime,1998,Disney+
734,Group,Game,2024,Webtoon
735,Matter speak sport,Manga,,Wattpad
736,Hospital raise occur,Game,2007,Webtoon
737,Thing,TV Show,1994,Steam
738,What get song same,TV Show,2011,Disney+
739,Method type,Novel,1992,Prime
740,Likely follow room land,Manga,2002,Wattpad
741,Development special prepare,Game,1994,Steam
742,Follow,Movie,2022,Steam
743,Natural character main,Manga,2001,Steam
744,Politics should,Movie,2009,Steam
745,Second thought become,Game,2006,Disney+
746,Film month laugh,TV Show,2000,Webtoon
747,Win say,Anime,,Netflix
748,Local where the,Novel,2002,Wattpad
749,Company,Anime,1998,Disney+
750,Amount information,Novel,2006,Webtoon
751,Need place,Manga,1992,Disney+
752,Man morning type,TV Show,2013,Prime
753,Yourself pay myself,Anime,2015,Netflix
754,Girl next,Game,2006,Netflix
755,Personal opportunity three five,Movie,2000,Netflix
756,Easy audience impact,TV Show,2024,Netflix
757,Lead deep,Anime,2012,Webtoon
758,Child if wife,Anime,1998,Webtoon
759,Season Democrat else,Movie,2010,Wattpad
760,International large,Movie,1992,Steam
761,Hit check,Novel,1997,Wattpad
762,Field ago,Movie,2016,Prime
763,Decide perform half,Game,2000,Disney+
764,Understand tend,TV Show,1995,Disney+
765,Worry level,Anime,1993,Prime
766,Let leg wonder,Game,2010,Prime
767,Rule speak appear,TV Show,2019,Netflix
768,Right whom,Game,1992,Netflix
769,Compare enough,Anime,1999,Wattpad
770,Drop concern,Anime,1996,Prime
771,As cell air,Game,2013,Prime
772,Add might risk,Game,2007,Disney+
773,Attorney challenge decision,TV Show,2000,Netflix
774,Answer serve when,Manga,2006,Wattpad
775,Determine if,Game,2021,Disney+
776,Recently memory,Manga,1995,Steam
777,Such save follow play,Novel,2007,Wattpad
778,Soon well per,Manga,2009,Steam
779,This system,Movie,2005,Wattpad
780,Bill quality,Manga,2015,Prime
781,Machine ability,Anime,2004,Wattpad
782,To well,TV Show,2003,Netflix
783,Movie hot great,Novel,,Wattpad
784,Behind wear,Game,1999,Webtoon
785,Huge news,TV Show,2012,Disney+
786,Six live reach,Novel,2017,Wattpad
787,Crime year,Anime,1999,Steam
788,Expert enter quite,Anime,2003,Disney+
789,Along trial,Manga,1991,Wattpad
790,Reality under than,Novel,2012,Webtoon
791,Sense pick,Novel,2003,Wattpad
792,Attention,Novel,2024,Webtoon
793,Own garden agree assume,TV Show,2015,Prime
794,Both space stand,TV Show,2006,Wattpad
795,Without though cover,Manga,1998,Wattpad
796,Eat it simple add,TV Show,2000,Prime
797,Include half,Anime,1991,Netflix
798,Bank six agency,Novel,2016,Wattpad
799,Employee base however talk,Novel,2016,Steam
800,Prepare animal,TV Show,2018,Wattpad
801,Improve oil marriage,Movie,2008,Netflix
802,Director after action,Novel,2007,Webtoon
803,Ahead price before institution,Movie,2009,Webtoon
804,Federal voice,Manga,1998,Netflix
805,Save be,Novel,2020,Netflix
806,Product something,Novel,2016,Steam
807,Above that media,Novel,2000,Disney+
808,Raise position,Anime,2004,Netflix
809,Appear page source,Manga,2011,Webtoon
810,Lead,Manga,2005,Steam
811,Moment despite,Game,1993,Webtoon
812,Market,Novel,2006,Steam
813,Manager clear,Game,2022,Webtoon
814,Statement subject,TV Show,2005,Prime
815,Instead since prove city,TV Show,2013,Webtoon
816,May according radio,Anime,1992,Prime
817,Probably blood,Movie,2012,Webtoon
818,Page which note,Anime,2002,Disney+
819,Enough,Game,2010,Steam
820,Meeting blood,TV Show,2012,Prime
821,Him office,Manga,1991,Wattpad
822,Church act perhaps,TV Show,1993,Netflix
823,Social serious least,TV Show,2001,Disney+
824,For gas,Game,2022,Webtoon
825,Image baby language,Manga,2022,Disney+
826,Can smile,TV Show,,Steam
827,Sometimes argue,Novel,2002,Netflix
828,Event that beat,Manga,1997,Disney+
829,Return base,Novel,2019,Wattpad
830,Feel through,Movie,2003,Netflix
831,Price crime environment identify,Novel,2017,Wattpad
832,Laugh more international military,Movie,2021,Wattpad
833,Heavy,Manga,2006,Wattpad
834,Tell almost,Manga,2009,Webtoon
835,Learn fill what middle,Movie,2023,Steam
836,Nice along machine performance,Game,2014,Netflix
837,Gun seem,Movie,2005,Netflix
838,Respond cell,TV Show,,Prime
839,Able rest,Game,2018,Wattpad
840,Child alone,Novel,2004,Prime
841,From lead moment push,Game,2001,Steam
842,Stay more,Movie,1996,Disney+
843,Camera say,Anime,2005,Netflix
844,Second too,Movie,2008,Netflix
845,Writer as,TV Show,2009,Disney+
846,Crime stuff,Game,1997,Wattpad
847,Should ok,Anime,2008,Netflix
848,Pm director task,Anime,2006,Netflix
849,Degree total two,TV Show,2023,Netflix
850,Question report,Movie,2007,Netflix
851,Teach newspaper like man,TV Show,2000,Disney+
852,Not without,Manga,1991,Prime
853,Western single mission,Novel,1992,Prime
854,Chair to control,TV Show,2018,Webtoon
855,Site long performance,Game,1993,Steam
856,Industry piece,Novel,1991,Wattpad
857,Walk hope opportunity,Novel,1990,Disney+
858,Rest exist,TV Show,1997,Prime
859,Born home,Game,1990,Steam
860,Particularly or PM,Manga,2017,Steam
861,Article,Movie,2016,Disney+
862,Hard both,TV Show,2015,Netflix
863,Me old pass,Movie,2023,Webtoon
864,Occur,Anime,1995,Webtoon
865,Summer,TV Show,1999,Netflix
866,Agreement address,TV Show,2021,Webtoon
867,Three capital student,TV Show,2003,Netflix
868,Condition before argue,Movie,,Wattpad
869,Film world,Novel,2024,Steam
870,Together,TV Show,2017,Netflix
871,Mission say,Game,2014,Disney+
872,Part pattern,Game,2008,Wattpad
873,Draw respond,TV Show,1990,Steam
874,Look,Anime,1991,Disney+
875,Join life focus,TV Show,2008,Webtoon
876,Simple including glass,Game,2003,Steam
877,Country reduce,Movie,2004,Steam
878,Like enter,TV Show,2017,Webtoon
879,Sort bank,Movie,1996,Wattpad
880,Word unit,Manga,1996,Netflix
881,Agency,Game,1993,Webtoon
882,Reason take,Anime,1993,Steam
883,Defense simply set,Movie,2016,Webtoon
884,War contain,Anime,2020,Wattpad
885,Health economy,TV Show,1993,Disney+
886,Term medical simple,Movie,1998,Prime
887,Wide week organization,Game,2022,Netflix
888,Though bring civil,Game,2020,Webtoon
889,Much level myself,Anime,2018,Webtoon
890,Huge tonight try,TV Show,1999,Disney+
891,Day black culture,Novel,2023,Webtoon
892,Church sell professional,Anime,1990,Prime
893,Others improve subject,Game,1999,Netflix
894,Form least,Game,,Netflix
895,Couple meeting door,Manga,,Webtoon
896,Why rise loss ten,TV Show,2012,Steam
897,Look,Novel,2008,Webtoon
898,Voice whether whole,TV Show,2012,Wattpad
899,Teach think air,Movie,2023,Disney+
900,Society gas force,TV Show,1990,Steam
901,Cultural director local,Game,2019,Disney+
902,Rule produce,Movie,2022,Wattpad
903,Issue,Novel,2022,Prime
904,Fire it,Game,2004,Wattpad
905,Camera media,TV Show,2001,Netflix
906,Agency group,Movie,2021,Netflix
907,Event less,Movie,2019,Webtoon
908,Security middle think,Game,1993,Steam
909,Building throw interest,Manga,2017,Steam
910,Add must citizen,Movie,2011,Prime
911,Next make,Anime,2001,Disney+
912,Join level,Anime,2015,Wattpad
913,Interesting interesting provide,Anime,2011,Webtoon
914,Need trial,Movie,2011,Webtoon
915,Fire must,TV Show,2021,Netflix
916,Above whom consumer,Novel,2014,Steam
917,Some discover,TV Show,,Disney+
918,Walk treat instead,Game,2013,Netflix
919,Make miss,Game,1990,Steam
920,Reality,Anime,1996,Webtoon
921,Important card,TV Show,2018,Disney+
922,Score few turn,Manga,1995,Netflix
923,Already security this such,Manga,2020,Disney+
924,Rest try,Anime,2020,Disney+
925,Huge,Game,2003,Wattpad
926,Too pick wear,Game,2017,Webtoon
927,Moment term,Game,2000,Wattpad
928,Majority,Game,,Steam
929,Nearly,Novel,2000,Wattpad
930,Behind usually himself,Anime,,Netflix
931,Find system,Novel,2009,Wattpad
932,Project job,Manga,2007,Disney+
933,Radio outside,Anime,1999,Disney+
934,Contain allow,TV Show,2002,Steam
935,Forward fact we,Game,2008,Netflix
936,Option color best admit,Anime,2006,Wattpad
937,Sister born,Game,2000,Netflix
938,Off perhaps impact back,Anime,2023,Prime
939,Gun,Novel,2017,Disney+
940,Student wear,Novel,2024,Disney+
941,Rate respond throw,Game,2016,Netflix
942,Area one,Game,,Netflix
943,Central new later,Manga,2002,Prime
944,Money reality down,TV Show,2017,Wattpad
945,Participant man movie,Manga,2000,Prime
946,Kid rise,Game,1994,Steam
947,Laugh,Anime,1997,Netflix
948,State talk,Game,2003,Webtoon
949,Enough according tree,Anime,1993,Steam
950,Walk music,Game,2005,Netflix
951,Expert receive until,TV Show,2011,Netflix
952,Community same,Novel,2017,Prime
953,Raise,Game,2000,Wattpad
954,Most half fear,Movie,2013,Prime
955,Training senior,Manga,1996,Wattpad
956,News turn,Novel,2004,Disney+
957,Power popular where,Game,2016,Webtoon
958,Again reduce,Manga,1997,Steam
959,Me until,TV Show,2002,Disney+
960,These our step,TV Show,2006,Disney+
961,Bad popular claim,TV Show,2018,Disney+
962,Price new,Movie,1998,Netflix
963,Must move represent,Novel,,Steam
964,Wrong impact,Game,2014,Webtoon
965,Service now,Movie,1996,Wattpad
966,Wonder growth painting,Game,1998,Steam
967,Person ball meet,Manga,2020,Disney+
968,Get education challenge,Game,2003,Netflix
969,Experience,Novel,2001,Wattpad
970,Person cell couple,Anime,,Netflix
971,Spring table,Movie,1999,Webtoon
972,Require TV personal,TV Show,2020,Steam
973,Never company,Anime,2000,Netflix
974,Chair believe,TV Show,2004,Prime
975,Drug blood,Anime,2021,Steam
976,Alone arrive vote TV,Game,1999,Wattpad
977,Spring truth,Anime,2000,Steam
978,Turn themselves cold,Movie,1993,Disney+
979,Growth of,Novel,1995,Prime
980,Four street point,TV Show,2001,Wattpad
981,Whole Congress,TV Show,1990,Netflix
982,Skill,TV Show,2000,Prime
983,Leg,Novel,1990,Disney+
984,Coach clear,Novel,1990,Webtoon
985,Green human,Movie,2023,Webtoon
986,Benefit hold,Anime,2020,Webtoon
987,Set baby any,Manga,1995,Prime
988,Present soon,Game,2014,Prime
989,Trade just,Game,2013,Disney+
990,Outside outside learn,Game,2016,Disney+
991,Consider,Movie,2002,Netflix
992,Affect apply reduce put,Game,2008,Steam
993,Possible break,Game,2008,Prime
994,Center minute among,Manga,2022,Steam
995,Light until,Manga,1991,Wattpad
996,Address she,TV Show,,Disney+
997,Officer general,Novel,2024,Disney+
998,Yard myself,Manga,2010,Webtoon
999,Leave,Novel,2012,Steam
1000,Improve size,TV Show,2012,Disney+
1001,Which happen day,Movie,2003,Netflix
1002,Party street,Game,2011,Steam
1003,Physical indicate already reduce,Manga,2001,Netflix
1004,Positive measure,Manga,2023,Wattpad
1005,Recently seek,Game,1993,Wattpad
1006,Two popular ground,Anime,1990,Prime
1007,Article better no coach,Game,2022,Netflix
1008,Wrong reach,Anime,1998,Webtoon
1009,Develop financial,TV Show,2001,Wattpad
1010,Second member recently,Anime,,Prime
1011,Thought value same,Anime,1997,Prime
1012,Site new,Novel,2014,Steam
1013,Cold responsibility ground,Novel,1999,Prime
1014,Particular capital section about,Anime,2011,Prime
1015,School seem,Game,2017,Webtoon
1016,Kid theory,Anime,2020,Webtoon
1017,At modern real,Anime,2006,Steam
1018,Discuss none,Game,2016,Prime
1019,Door poor,TV Show,1990,Steam
1020,Around clear,Anime,2013,Webtoon
1021,Choose surface,Manga,2013,Prime
1022,Bring,Game,2021,Netflix
1023,Fund major figure,Anime,1995,Webtoon
1024,Term article major,TV Show,2013,Disney+
1025,Debate think,Manga,2021,Prime
1026,Operation effort student,Manga,1993,Wattpad
1027,Fight bit,Game,1991,Disney+
1028,Church generation decade,Novel,2017,Disney+
1029,Little week yet soldier,Novel,2008,Disney+
1030,Line view military,Manga,1998,Netflix
1031,Property from,Game,1994,Disney+
1032,Adult even education,Manga,2016,Webtoon
1033,Set whose,Game,1997,Netflix
1034,Room fear network,Movie,1998,Netflix
1035,Do capital,Novel,2017,Disney+
1036,However none,Movie,1995,Wattpad
1037,Tv,Anime,2017,Disney+
1038,Probably cut all,Game,1991,Wattpad
1039,Simply represent several,Manga,2022,Wattpad
1040,School air,Movie,1991,Wattpad
1041,Adult first respond,Movie,2004,Webtoon
1042,Form card,Anime,2006,Webtoon
1043,Among professor,Manga,2010,Disney+
1044,Carry expert,Manga,2002,Steam
1045,Against night your,Anime,2018,Webtoon
1046,Method event such,Anime,2020,Steam
1047,Program those,TV Show,2011,Steam
1048,After activity military,Anime,1992,Steam
1049,Carry upon arm,Game,1991,Disney+
1050,Buy tree world,Anime,2001,Webtoon
1051,Stop best,Novel,2009,Disney+
1052,Agreement adult law,Game,2016,Steam
1053,How vote yeah,Novel,2019,Netflix
1054,Inside job,Manga,1998,Disney+
1055,Building read race,Novel,2011,Netflix
1056,Child art,Manga,2008,Wattpad
1057,Remain prove girl attack,Game,2001,Netflix
1058,Happen free,Movie,2018,Wattpad
1059,Though few,Manga,2001,Wattpad
1060,Main world meet,Anime,2005,Steam
1061,Special last,Novel,1994,Steam
1062,There next,Novel,2004,Netflix
1063,Fine perform,Novel,2018,Prime
1064,More their imagine any,Movie,2010,Prime
1065,Mean,Manga,2021,Webtoon
1066,Receive information,Anime,,Netflix
1067,Course truth section much,Novel,1996,Steam
1068,However soldier,Game,1990,Netflix
1069,Difficult around unit,Manga,2012,Disney+
1070,Light against,Game,2010,Prime
1071,Such,Novel,2016,Prime
1072,Painting base board,TV Show,2005,Webtoon
1073,Experience describe,Anime,2021,Webtoon
1074,Within,Manga,2004,Disney+
1075,Surface support our,Manga,2004,Wattpad
1076,Production else,Manga,2006,Disney+
1077,Daughter analysis five,Game,,Steam
1078,Long professional,TV Show,2016,Disney+
1079,Focus,Game,2008,Wattpad
1080,Film what,Anime,,Disney+
1081,Treatment actually,Anime,2019,Prime
1082,Hour popular,TV Show,2005,Netflix
1083,Bring,Movie,2007,Steam
1084,Able level,Manga,1992,Disney+
1085,Experience fly wish,Novel,2002,Prime
1086,Sister fight,Movie,2024,Prime
1087,Clearly religious address evidence,Manga,1990,Netflix
1088,Have wear understand,Movie,2021,Steam
1089,Teach son,Game,2015,Steam
1090,From something eat,Game,2003,Steam
1091,Analysis term board,Anime,,Wattpad
1092,Challenge tree company color,Movie,2023,Steam
1093,Into worry land lead,TV Show,2005,Netflix
1094,Section sport,Game,1996,Wattpad
1095,Public,Novel,1996,Disney+
1096,Its,Movie,2003,Prime
1097,Herself several,Manga,2010,Netflix
1098,Exactly policy,Novel,,Wattpad
1099,Five maybe,Manga,1996,Disney+
1100,Manage oil ready,Movie,2014,Disney+
1101,Beautiful suffer,TV Show,2011,Webtoon
1102,Home far,Novel,2023,Webtoon
1103,Beyond must someone,Anime,1995,Webtoon
1104,World oil finish,Anime,,Netflix
1105,Safe opportunity,TV Show,2022,Wattpad
1106,Too by back painting,Anime,2017,Prime
1107,Perhaps happy,Manga,2023,Netflix
1108,Also focus,Manga,,Disney+
1109,Head six religious,TV Show,2023,Wattpad
1110,Suggest amount,Game,2016,Prime
1111,College deal against computer,Game,2012,Prime
1112,Science somebody,Movie,2004,Netflix
1113,Believe but,Movie,2007,Prime
1114,Cup though black,Movie,1995,Prime
1115,Else war,Manga,2017,Webtoon
1116,Though,Novel,2007,Disney+
1117,Republican listen about,TV Show,2022,Netflix
1118,Maintain side wife,TV Show,1994,Wattpad
1119,Join,Anime,2010,Disney+
1120,Score drop create,Novel,2007,Netflix
1121,Have trial,Novel,2018,Steam
1122,Yard paper policy paper,Anime,1995,Wattpad
1123,Garden attorney,Manga,2013,Prime
1124,Rather production,Manga,2002,Prime
1125,Plan college attorney,Novel,1993,Webtoon
1126,Put perhaps,Anime,1999,Prime
1127,Lose sound create,Game,2021,Steam
1128,Thus news skill,Game,2009,Wattpad
1129,Someone southern,Movie,2014,Prime
1130,Sea follow,Novel,2013,Disney+
1131,Road perform couple,Manga,2023,Webtoon
1132,North their where,Novel,2010,Wattpad
1133,Type,Novel,2007,Wattpad
1134,Visit sister something,TV Show,2022,Steam
1135,Improve friend describe,Manga,2019,Wattpad
1136,What citizen old,Game,2013,Steam
1137,Worker prepare manager,TV Show,2011,Netflix
1138,Ask goal similar section,Novel,2012,Prime
1139,Professor option always,Anime,2019,Wattpad
1140,Company type natural,Movie,2000,Prime
1141,Story senior condition specific,TV Show,2002,Disney+
1142,Himself PM raise,Game,2000,Netflix
1143,Break yourself,Game,1994,Steam
1144,Agency agent,Anime,1991,Prime
1145,Military,TV Show,2006,Prime
1146,One international yeah,Novel,1998,Prime
1147,Create finally more along,TV Show,2008,Netflix
1148,Interview piece yard wife,Movie,2000,Wattpad
1149,Hotel couple,Game,2019,Disney+
1150,Something military,Movie,1999,Disney+
1151,Next accept,Manga,,Webtoon
1152,Kind region subject,Manga,2013,Netflix
1153,Themselves over,TV Show,2013,Netflix
1154,Though blood many,Novel,2005,Prime
1155,Customer increase,TV Show,2023,Prime
1156,Analysis simply,Movie,2016,Steam
1157,Them oil available,TV Show,2010,Netflix
1158,Exist else,Game,2001,Netflix
1159,School act field,Game,1992,Wattpad
1160,Table left,Game,1998,Disney+
1161,Response,Novel,2007,Wattpad
1162,Street respond likely interesting,Manga,2015,Prime
1163,Since serious simple,TV Show,1995,Wattpad
1164,Production occur,Anime,2017,Netflix
1165,Some model,TV Show,2007,Disney+
1166,System girl,Game,1995,Wattpad
1167,Drug its,Manga,2008,Steam
1168,Method traditional,Game,2011,Steam
1169,Reduce dark member,Novel,2022,Netflix
1170,Garden music,Novel,2008,Wattpad
1171,Attack bill,Novel,2021,Prime
1172,Later high,Manga,2011,Prime
1173,Response deep majority hotel,Anime,2008,Prime
1174,Public just,Game,2005,Steam
1175,City itself,Movie,1999,Steam
1176,Month,Manga,2024,Steam
1177,Chair mention body,Anime,2017,Disney+
1178,Prove pick bed news,TV Show,2011,Netflix
1179,Evening thus,Manga,2023,Wattpad
1180,Pressure particularly,Anime,2021,Disney+
1181,Toward,Novel,2007,Disney+
1182,Ten month,Novel,2012,Netflix
1183,Must economy send movement,TV Show,2015,Prime
1184,Risk accept,Novel,2008,Wattpad
1185,Other seven trial,Anime,2015,Webtoon
1186,Issue test,TV Show,2000,Webtoon
1187,Might always,Game,1995,Webtoon
1188,Crime recently,Novel,2019,Wattpad
1189,Head look,Movie,2019,Steam
1190,Treatment prevent,Manga,1990,Webtoon
1191,Number election,Anime,,Webtoon
1192,Assume could,Novel,1991,Disney+
1193,Already development administration,Anime,2003,Wattpad
1194,Yet upon,Anime,2016,Disney+
1195,Pay provide early,Manga,1993,Steam
1196,Any foot,Movie,2013,Webtoon
1197,Rich purpose,TV Show,2007,Prime
1198,Baby whatever TV,Novel,1997,Disney+
1199,Road become,Novel,2009,Netflix
1200,Their enjoy majority,Novel,,Steam
1201,Business policy accept,Novel,1999,Webtoon
1202,Future edge,TV Show,2007,Netflix
1203,And partner,Game,2008,Netflix
1204,A individual exist,Movie,,Prime
1205,Daughter range worker,Game,2020,Prime
1206,Trial art fear,Movie,2003,Disney+
1207,Change court laugh,Game,1994,Wattpad
1208,General yet city,Novel,2010,Disney+
1209,Imagine either,Anime,2022,Disney+
1210,Trouble,Game,2004,Netflix
1211,Only such there,Manga,,Steam
1212,Future main big,TV Show,2021,Disney+
1213,Order,Game,2005,Steam
1214,Door attention court,Movie,1997,Prime
1215,Per recently interview,TV Show,2012,Disney+
1216,Rest store,Novel,2007,Steam
1217,Rich nothing,TV Show,1999,Wattpad
1218,Bar return wind,Movie,2015,Netflix
1219,Never huge issue,Manga,1991,Netflix
1220,Remain leader,TV Show,2013,Steam
1221,Mission task,Anime,1990,Wattpad
1222,Three outside,Anime,1996,Wattpad
1223,Side address,Anime,2003,Steam
1224,Traditional dream,Game,2003,Netflix
1225,How eight certain,Anime,2023,Disney+
1226,Above east,Anime,2006,Webtoon
1227,Game during ball,Novel,2015,Steam
1228,White plan level,Manga,2005,Steam
1229,Success billion production,Anime,1997,Steam
1230,A statement much impact,Manga,1993,Steam
1231,Language free receive,Manga,2010,Disney+
1232,Town plan,Novel,2009,Steam
1233,Range add,TV Show,2013,Prime
1234,Pick either,Manga,2008,Wattpad
1235,Experience usually,Movie,2008,Disney+
1236,Could night hot,Novel,2022,Wattpad
1237,Late realize,TV Show,2004,Prime
1238,Heavy free across,Manga,,Steam
1239,Various place method,Novel,2009,Netflix
1240,Action least notice,TV Show,2022,Prime
1241,Tough believe,Anime,2020,Disney+
1242,Fish light clear,TV Show,2011,Webtoon
1243,Yard nor,Game,2002,Netflix
1244,Anything especially meeting,Movie,2018,Webtoon
1245,Behind popular only,Game,2005,Steam
1246,Will,Movie,2016,Steam
1247,Weight occur,Anime,2022,Steam
1248,Wait note,Movie,,Steam
1249,Attention memory officer view,TV Show,2007,Steam
1250,Both it lay,TV Show,2004,Wattpad
1251,Prepare street,TV Show,2017,Webtoon
1252,Amount indicate stop,Game,2007,Prime
1253,Free mission,Movie,2005,Wattpad
1254,Theory knowledge government,Manga,1995,Disney+
1255,Down writer then,Novel,2017,Prime
1256,Social political college,Novel,1996,Wattpad
1257,Result politics crime,Novel,1992,Disney+
1258,Meet answer possible,Manga,2000,Disney+
1259,Room surface,Novel,2005,Steam
1260,Religious too,Movie,1994,Disney+
1261,Adult read,Anime,2002,Netflix
1262,Recognize under,Game,2011,Prime
1263,Affect daughter teach,Manga,2015,Wattpad
1264,Evening,Game,2022,Disney+
1265,Possible trial short,Novel,2003,Netflix
1266,Exist many,Manga,2017,Steam
1267,Assume week someone,Manga,1993,Disney+
1268,Culture player reality,Game,2015,Webtoon
1269,Room good campaign,Novel,2016,Disney+
1270,Environmental pattern,TV Show,2021,Prime
1271,Star who throw,Game,2000,Disney+
1272,Opportunity we,Anime,1992,Steam
1273,System gun,Anime,2005,Webtoon
1274,Price fly do country,Novel,1991,Wattpad
1275,Note certainly,Novel,1991,Webtoon
1276,Dinner itself man,Manga,2017,Wattpad
1277,Cup growth,Manga,1991,Prime
1278,Significant price of,Game,2000,Prime
1279,Card policy everything suggest,Game,1990,Steam
1280,Spring,Anime,2004,Prime
1281,Street budget,Game,,Webtoon
1282,Professional receive,Anime,2016,Webtoon
1283,Experience large hotel,TV Show,2006,Netflix
1284,Movement,Novel,2000,Steam
1285,Discussion including,TV Show,2012,Disney+
1286,Way piece,TV Show,2023,Disney+
1287,Stand always,Manga,2002,Disney+
1288,Already that against,Movie,1997,Netflix
1289,Concern college by,TV Show,1990,Steam
1290,Friend beat,Manga,1993,Netflix
1291,Power main tonight,Anime,1999,Wattpad
1292,Different professional page,Novel,1990,Prime
1293,Phone special,Anime,1993,Wattpad
1294,Thing,Anime,2014,Steam
1295,Determine card,Novel,1997,Disney+
1296,Bag note majority me,TV Show,2003,Wattpad
1297,Name through,Manga,2010,Netflix
1298,Pressure however administration,TV Show,1992,Prime
1299,Surface,TV Show,2023,Webtoon
1300,Conference bed,Game,2010,Steam
1301,Pull figure law,Manga,2005,Wattpad
1302,Building structure pressure,Game,2022,Disney+
1303,Foreign reduce level throw,Anime,1999,Prime
1304,Stage decision,Manga,2002,Webtoon
1305,Some make,Novel,2002,Wattpad
1306,Class level,Novel,1992,Steam
1307,Show answer your foreign,Anime,2011,Webtoon
1308,Security,Game,2009,Disney+
1309,Firm,Manga,2024,Webtoon
1310,Paper cut,Movie,1993,Webtoon
1311,Spend claim yes,Game,2009,Disney+
1312,Fish man stand,Novel,2001,Prime
1313,Space turn,Movie,1994,Disney+
1314,Provide where arm,Movie,2010,Netflix
1315,Matter modern give,Manga,1998,Disney+
1316,Form middle although,Movie,,Wattpad
1317,Specific black energy,Movie,2021,Webtoon
1318,Character friend quite,Novel,2002,Netflix
1319,Choice degree,Novel,1998,Wattpad
1320,Certain it,Game,2004,Webtoon
1321,Bar might position,Novel,2011,Netflix
1322,Serve high,Anime,2018,Netflix
1323,Enjoy high PM,TV Show,1997,Webtoon
1324,Girl its,TV Show,2014,Webtoon
1325,Per color director,Manga,2016,Netflix
1326,Group course employee,Novel,2019,Prime
1327,Along story in,Game,2018,Webtoon
1328,View agent least,Movie,2024,Steam
1329,Spring game Mr,Anime,2017,Prime
1330,Or the,Game,1992,Wattpad
1331,Than sister,Anime,,Prime
1332,Quality begin ball,Anime,2008,Wattpad
1333,Scene maybe,Manga,1991,Wattpad
1334,Imagine local girl candidate,Anime,2021,Prime
1335,Son government southern suggest,Manga,2003,Webtoon
1336,Source stop,TV Show,2003,Wattpad
1337,Suddenly nice me,Movie,,Disney+
1338,My seat,TV Show,2012,Disney+
1339,She might wish,Anime,2023,Disney+
1340,Position toward,TV Show,2016,Netflix
1341,Old have,Anime,2021,Steam
1342,Say just start,Game,2017,Disney+
1343,Process front,Movie,,Prime
1344,Score despite,Novel,1995,Prime
1345,Up difficult government,TV Show,2016,Prime
1346,More,TV Show,2024,Webtoon
1347,Investment front,Manga,2011,Steam
1348,Unit list lead,TV Show,2019,Disney+
1349,Significant personal,Game,2017,Steam
1350,Although office when,Novel,2012,Webtoon
1351,Common even final,Anime,1995,Steam
1352,Day my scene season,Manga,2002,Prime
1353,Key live safe,Game,2011,Webtoon
1354,Face,TV Show,1999,Wattpad
1355,Artist move,Anime,2013,Webtoon
1356,Guy I table,Anime,1992,Netflix
1357,Live society,Manga,2001,Steam
1358,Camera program,Anime,1995,Netflix
1359,Sense blue employee,Movie,2001,Wattpad
1360,Series most college,Manga,1992,Prime
1361,On pay box,Game,2018,Prime
1362,Political radio growth individual,Movie,2015,Webtoon
1363,Before gun eight,Manga,2019,Netflix
1364,Face million company,Game,2007,Disney+
1365,Trouble age,TV Show,2012,Wattpad
1366,Notice,Game,2019,Steam
1367,Model operation provide,Anime,1992,Prime
1368,Republican brother,Game,,Disney+
1369,Memory establish human,TV Show,2005,Netflix
1370,Detail smile television,TV Show,2005,Netflix
1371,Have community measure,Game,2024,Prime
1372,At himself,Manga,2008,Steam
1373,Tree,Game,2005,Steam
1374,Experience economic,Movie,2020,Netflix
1375,Participant community,Movie,2017,Disney+
1376,Business industry know explain,Novel,2001,Prime
1377,Pull various fact,Anime,2000,Prime
1378,Good attorney Democrat,Anime,2014,Webtoon
1379,Factor rise international opportunity,Manga,1996,Webtoon
1380,Bank see,Game,2017,Wattpad
1381,For gun,Manga,2015,Prime
1382,Remember show,Anime,1996,Webtoon
1383,Machine phone perform,Anime,2002,Netflix
1384,Serve find audience,Novel,1993,Disney+
1385,Top yard,Anime,2012,Wattpad
1386,Something reduce its,Novel,2019,Prime
1387,Sea nation,Novel,2015,Wattpad
1388,Method require whose,Manga,2012,Netflix
1389,Fill,Manga,,Netflix
1390,Lose might eight,Manga,1994,Netflix
1391,Trade,Game,2015,Wattpad
1392,Power body,Novel,2021,Webtoon
1393,Second training,Novel,2000,Disney+
1394,Central entire,Movie,,Webtoon
1395,Measure,TV Show,2010,Steam
1396,Bring around represent,Novel,2002,Disney+
1397,Against test,Anime,1993,Netflix
1398,Heavy measure,Manga,2006,Wattpad
1399,Leave skin rate,Anime,2010,Prime
1400,Success what remain,Movie,1991,Prime
1401,Administration nor field,Game,1997,Disney+
1402,Drive whether,Game,2002,Disney+
1403,Very method,TV Show,1997,Disney+
1404,Receive,Game,2012,Steam
1405,Attorney three within trial,Novel,1992,Netflix
1406,Almost method common,Manga,2010,Prime
1407,Project phone,TV Show,2007,Netflix
1408,Dark inside,Novel,2015,Wattpad
1409,Marriage conference natural have,TV Show,2010,Netflix
1410,American time nature,Game,2008,Netflix
1411,Energy south news,Anime,2010,Wattpad
1412,Next meeting read executive,Manga,2021,Steam
1413,Toward purpose theory large,Game,1999,Disney+
1414,Ago glass add,Movie,1991,Webtoon
1415,Individual leg series,Novel,2012,Wattpad
1416,World somebody oil special,Game,1995,Netflix
1417,Participant southern,TV Show,2018,Webtoon
1418,Analysis city side,TV Show,2006,Netflix
1419,Help far,Manga,2007,Netflix
1420,Appear front,Anime,2011,Steam
1421,Western even,TV Show,2020,Wattpad
1422,Light task explain,TV Show,2013,Disney+
1423,Three subject term,TV Show,2001,Prime
1424,Significant somebody,TV Show,2012,Wattpad
1425,Market my,Novel,2012,Wattpad
1426,Car manager attention,Anime,2001,Prime
1427,Deal,Movie,2017,Netflix
1428,Mouth hotel,Manga,1994,Webtoon
1429,Reality appear five,Movie,2012,Steam
1430,Instead tax concern,Manga,1996,Webtoon
1431,Decade message,Novel,2009,Wattpad
1432,Prepare claim,Anime,2018,Steam
1433,Effort or,TV Show,1993,Wattpad
1434,Rest nice state when,Manga,1994,Webtoon
1435,Discussion part customer,TV Show,2020,Steam
1436,Benefit own,Game,2012,Netflix
1437,Animal agency,Manga,2006,Prime
1438,Against physical something,Anime,2019,Steam
1439,At television,Game,2003,Prime
1440,Close among,TV Show,2016,Disney+
1441,Mrs born perform,Anime,2007,Steam
1442,Show,Novel,2003,Netflix
1443,Hear education avoid,Game,1995,Netflix
1444,Million food,Anime,2005,Netflix
1445,Necessary raise,Movie,2020,Wattpad
1446,Itself something until,Manga,2011,Wattpad
1447,Off figure,Anime,2009,Webtoon
1448,Hold know maybe detail,Game,1993,Steam
1449,Sit member,TV Show,1992,Steam
1450,Hand skill toward,Movie,1990,Disney+
1451,Arm kitchen,Anime,1990,Prime
1452,Skin throughout stage,TV Show,1998,Wattpad
1453,Fire agree beautiful,TV Show,2023,Wattpad
1454,Director order inside,Anime,2020,Webtoon
1455,Put although,Anime,2022,Prime
1456,Region three,Novel,2024,Wattpad
1457,Almost wear sell,Movie,2001,Disney+
1458,Material appear character,Movie,2010,Wattpad
1459,Since morning,Manga,1992,Webtoon
1460,Collection enter,Game,2008,Webtoon
1461,Still early,Novel,1996,Steam
1462,Reduce near about,Anime,1992,Webtoon
1463,Full wear poor,Game,2011,Wattpad
1464,Situation control soon,Novel,2018,Netflix
1465,Work religious fill,Game,2021,Steam
1466,Wind view through,Novel,2021,Netflix
1467,Audience itself choose,Game,2005,Webtoon
1468,Stage,Game,2019,Steam
1469,These address,Novel,2006,Steam
1470,Project learn,Movie,2008,Webtoon
1471,Sort treat,Novel,1992,Steam
1472,Size by may involve,Movie,1994,Netflix
1473,Kind police soldier apply,Game,2023,Disney+
1474,Card task,Anime,2005,Webtoon
1475,Similar professor,Anime,1994,Steam
1476,Personal between,Manga,,Webtoon
1477,Hair include,TV Show,2009,Webtoon
1478,Including drop service,Anime,2002,Wattpad
1479,Change individual,Anime,2002,Steam
1480,Read trip,TV Show,1992,Steam
1481,Threat culture receive,Anime,2008,Disney+
1482,Reality clearly,Novel,1990,Wattpad
1483,Quickly benefit,TV Show,1996,Netflix
1484,Law ever,TV Show,2020,Netflix
1485,Enough imagine,Manga,1991,Wattpad
1486,Big key whom radio,Game,2021,Disney+
1487,Class chance put,TV Show,2024,Disney+
1488,Total build,TV Show,2022,Netflix
1489,Any collection,TV Show,2001,Netflix
1490,Give administration,TV Show,2019,Netflix
1491,Nice,Anime,2013,Wattpad
1492,Will probably child,Manga,1997,Wattpad
1493,You woman traditional,TV Show,1990,Steam
1494,Herself himself experience key,TV Show,2013,Disney+
1495,Wonder affect both,Movie,2011,Steam
1496,Name main,Novel,2004,Steam
1497,Design maintain boy,Manga,2014,Disney+
1498,Stop establish,Manga,1994,Netflix
1499,Ball house alone,Movie,2019,Netflix
1500,Nice suffer education,Anime,2001,Webtoon
